n,k,avg_rprmax,avg_rppmax
3,2,0.3798375858658138,3.375
4,2,0.18097812638921076,1.224744871391589
4,3,0.2508498475720133,2.4494897427831783
5,2,0.10396222320739137,0.6249999999999997
5,4,0.18758800874306708,2.096313728906051
6,2,0.06612205556428222,0.37213954633348095
6,3,0.0922292468059539,0.7310827552026335
6,4,0.11157519004288226,1.140958243883497
6,5,0.15028669019488114,1.9091883092036752
7,2,0.0450214914359825,0.24302777619029475
7,4,0.0781831549880527,0.7596416140657345
7,6,0.12569612235934344,1.7932163840429287
8,2,0.03222288152963312,0.16903085094570325
8,3,0.04850873829609514,0.3558654346285822
8,4,0.05913936863205758,0.5553631970541766
8,5,0.06777472636096696,0.7752725119757556
8,6,0.08047099286074932,1.0894095588038442
8,7,0.10824426612527988,1.7142857142857164
9,2,0.023965563279042503,0.12312817677046169
9,4,0.04630558288117334,0.42418550298800406
9,6,0.059804249047704226,0.7843638044227694
9,8,0.09519759562412676,1.6570921039795654
10,2,0.018377187176371875,0.0929402994556144
10,3,0.02756256958881157,0.19401047499286123
10,4,0.03765963522280487,0.3386528376173976
10,5,0.043125817752217924,0.47072359789544455
10,6,0.04745131544076536,0.6085796741704655
10,7,0.053374340412003105,0.7876092780046366
10,8,0.06305964739094766,1.0564428184106458
10,9,0.08506132739878461,1.6137430609197538
11,2,0.014447236261426435,0.07216878364870312
11,4,0.033105113226625946,0.29373752582456303
11,6,0.03930159977407089,0.4956755472288017
11,8,0.04815927247290776,0.7883804324378701
11,10,0.07694971809957003,1.5797547277979576
12,2,0.011595092262984311,0.05734953439584922
12,3,0.01902575318942003,0.13082822916244968
12,4,0.026682223513907404,0.23381299538585631
12,5,0.030745926268739565,0.3263685779375338
12,6,0.03336894191376012,0.4153184314823252
12,7,0.03594177467741434,0.5128940956727537
12,8,0.03917863084376287,0.6308504125586685
12,9,0.04389342634988071,0.7884770406078383
12,10,0.05194785534227618,1.0338834344411019
12,11,0.07030452266189298,1.552390851355386
13,2,0.009469857752001723,0.046458077991085034
13,4,0.02474430556222605,0.21498271784081274
13,6,0.02890256934587591,0.35589844080378713
13,8,0.0330422219840016,0.5253074530022137
13,10,0.040327454650891756,0.7879709223985719
13,12,0.06475630671131832,1.5298869164983193
14,2,0.007850402117907992,0.03825193723644753
14,3,0.014532585377897509,0.09833546485871339
14,4,0.021276355093584755,0.1833304722222032
14,5,0.023947206893897552,0.24963922521680795
14,6,0.0255570292927437,0.31196576161726897
14,7,0.02710156139630614,0.378765774693875
14,8,0.02859199442506156,0.4499501170671608
14,9,0.030524777848766848,0.5342350087612907
14,10,0.03326719934066724,0.641502454542918
14,11,0.03730225756271006,0.7871020983566848
14,12,0.044235617863574925,1.0175670763735933
14,13,0.060050724035326644,1.5110539446587068
15,2,0.006592357815774481,0.031937094820284465
15,4,0.019314781700067365,0.16536270536427067
15,6,0.02308695991960518,0.2797959352169973
15,8,0.025236268795829585,0.39383738556513576
15,10,0.028406895351615762,0.5421979581916812
15,12,0.034703709420314297,0.7860239846568162
15,14,0.056006846616141595,1.4950615329949257
16,2,0.005598573827826504,0.026988539051540143
16,3,0.012752984556047378,0.08539579305757607
16,4,0.017508020241865815,0.14904849470199275
16,5,0.019422193818643366,0.19985611548876975
16,6,0.020518688262815332,0.2470373094731321
16,7,0.021627256852057734,0.2979001482886069
16,8,0.022458509615583634,0.34799102735344
16,9,0.02359934761936348,0.406214395816294
16,10,0.02482503381484586,0.46991533261915686
16,11,0.02652988915234234,0.5479748300951816
16,12,0.028889294673923815,0.647138098172854
16,13,0.032447577000025,0.7848321380012411
16,14,0.03856393825868639,1.0052493799000668
16,15,0.05249239075088792,1.481312159636081
17,2,0.004801932625599402,0.023048861143232166
17,4,0.015713689166077367,0.13309944503574794
17,6,0.018943569631606046,0.22688681169733
17,8,0.020351133602740802,0.31346209407140596
17,10,0.02208323436341359,0.4151444204762109
17,12,0.024871987400709596,0.5523807857234221
17,14,0.030473400371523924,0.7836677522252643
17,16,0.04940835154209674,1.4693648978810565
18,2,0.004154986045205581,0.019868530453451792
18,3,0.010376870210769147,0.06886452387485247
18,4,0.013962243284788928,0.11772878329874156
18,5,0.016526342243238762,0.1684449717470599
18,6,0.01744187283433784,0.20792051894380253
18,7,0.018013314393755014,0.2454929281344707
18,8,0.018533309621410185,0.2839715856735296
18,9,0.019185629522768227,0.32631821988036447
18,10,0.01987699564283247,0.3714777177551413
18,11,0.020759131875545206,0.42284483646512727
18,12,0.021883221610756207,0.4826082189655964
18,13,0.023404702115432597,0.5558804124584591
18,14,0.025524386798673963,0.6501303215526252
18,15,0.028729306737476163,0.7824950675437063
18,16,0.0342131729115476,0.9956341036404837
18,17,0.04667912376308243,1.458887273275281
19,2,0.003623502125070143,0.017269441792473778
19,4,0.013253809881646159,0.11135393318352312
19,6,0.0161007007909734,0.19113111247891176
19,8,0.017092566351116202,0.2607220231313806
19,10,0.01810617681558998,0.3366818271193757
19,12,0.019577537782535875,0.4292361334591357
19,14,0.02210055438298879,0.5587497229467181
19,16,0.02717809320138561,0.7813626276452968
19,18,0.044245950587650566,1.4496238524960479
20,2,0.00318233302853126,0.015121966620356945
20,3,0.009387931998155222,0.06190582826215235
20,4,0.012900234750417927,0.10806055847754055
20,5,0.014261536839184788,0.14427477993617582
20,6,0.014913744028033676,0.17637989336440474
20,7,0.015378001447243985,0.20785946983111633
20,8,0.015743167674660948,0.23915935838617672
20,9,0.01614200313111143,0.27208138545410476
20,10,0.01659860478091938,0.3072815265077084
20,11,0.01709988908778818,0.34480866383755926
20,12,0.017737259953844293,0.38694677034305014
20,13,0.018529108891107277,0.43485531915268283
20,14,0.019559813447596903,0.49152701332111814
20,15,0.020939291172864867,0.5612660239451782
20,16,0.022874270687120186,0.6520456751297431
20,17,0.02578978503963601,0.7802930829131983
20,18,0.030766933539534306,0.9879259519437681
20,19,0.04206246076141722,1.4413751513293869
21,2,0.0028127026314906356,0.01333010688999112
21,4,0.01156856327845361,0.09658209531516763
21,6,0.013871885879938498,0.1635097516808836
21,8,0.014648032099637751,0.22173070112206972
21,10,0.015346534716671972,0.28299989525954033
21,12,0.016202951419141028,0.3519318043445804
21,14,0.01756976416875674,0.4392676425250831
21,16,0.01989474905220528,0.5633893768210243
21,18,0.024538189485584727,0.7792320355866601
21,20,0.04009155588687868,1.4339831121005133
22,2,0.002500386020084858,0.011821656093586713
22,3,0.007853751049395986,0.05150255256334814
22,4,0.010939524744232593,0.0910924303930616
22,5,0.012424884707629199,0.12493185520255796
22,6,0.013096105779596587,0.1539201031144601
22,7,0.013475253673264995,0.18096668808814273
22,8,0.013663394262951895,0.2061601421500102
22,9,0.013975954061215452,0.23392158310767924
22,10,0.014228753465500127,0.2614679742100673
22,11,0.014553459976890162,0.29119652597501205
22,12,0.014932531966329113,0.32309874881941764
22,13,0.015410410733679833,0.3585156454990634
22,14,0.01597908349531032,0.397754651251797
22,15,0.016714404330510496,0.44334613160732833
22,16,0.017670241131954353,0.497712812982997
22,17,0.01894717389615236,0.5651000251161011
22,18,0.020731492280044825,0.6532857622778472
22,19,0.023405659403517062,0.7782455111451616
22,20,0.02796758604919387,0.9816118255511113
22,21,0.03830319361754194,1.427320881217386
23,2,0.002234462948387569,0.01054153665518304
23,4,0.010173154535284466,0.08449608460792912
23,6,0.012273395371732101,0.1438581497836746
23,8,0.012793232271275448,0.1924698841747387
23,10,0.013306946331227814,0.24377444095346562
23,12,0.013852277686866346,0.2987084011477055
23,14,0.014656155417813881,0.3634288399157973
23,16,0.015936868680130906,0.4468654493734858
23,18,0.018087499572842725,0.566589714701662
23,20,0.022375440832077386,0.7773138584064353
23,22,0.03667277929488421,1.4212854712516532
24,2,0.0020064487228645634,0.009447199969650774
24,3,0.005768883821867794,0.037642964977024074
24,4,0.00971457470459503,0.0805122514797992
24,5,0.01097017129337356,0.10975719318372683
24,6,0.01152597267530599,0.13476168246431589
24,7,0.011789431328043904,0.15746533011387212
24,8,0.01206391084989529,0.18102740699050415
24,9,0.012263479206097544,0.20408406154616773
24,10,0.012472979536701621,0.22785396241572714
24,11,0.012683636977299517,0.25222698300369534
24,12,0.012908330749214183,0.27750367323061115
24,13,0.013201398159867428,0.30504187630944657
24,14,0.013560673740795373,0.3351360739114691
24,15,0.013988329587005946,0.3681822137378975
24,16,0.014531630488569463,0.4058772646796622
24,17,0.015222745919836666,0.44978346506777545
24,18,0.016117326029697628,0.5024397304178295
24,19,0.017302901078338297,0.5678596063872742
24,20,0.018957804915040715,0.6539322723627515
24,21,0.021434193595840513,0.7764353399013835
24,22,0.02564713469598416,0.9763466069792006
24,23,0.035179979438014514,1.4157924006260125
25,2,0.0018096782079825523,0.008505394397831838
25,4,0.009159159298844583,0.07575349358024557
25,6,0.010971925517194659,0.12800580643663367
25,8,0.01143092553564648,0.1711275275633495
25,10,0.011749588054004738,0.2140950012130368
25,12,0.012089835068723956,0.25919404004853985
25,14,0.01260230561234305,0.31050944333987374
25,16,0.01337583179697916,0.3723265427147816
25,18,0.01457503539011562,0.45251460615067157
25,20,0.01658661243819875,0.569039370523669
25,22,0.020570699902093023,0.7756036579474184
25,24,0.03380783320449083,1.4107717158488782
26,2,0.0016388626177292842,0.007689857968452012
26,3,0.005648975437415938,0.03673428957664916
26,4,0.008697955203524238,0.07180404983747449
26,5,0.009986260143094594,0.09951334476294744
26,6,0.010382449362817094,0.12087858799318407
26,7,0.010669516628826207,0.14189380675759514
26,8,0.010900454098038689,0.1628429444320631
26,9,0.01100944199142746,0.18236778617336305
26,10,0.011111834962517057,0.20200771419198124
26,11,0.011223750388923027,0.22207062039427558
26,12,0.011371271247877722,0.2431823920813828
26,13,0.011556147722469313,0.2655690438620569
26,14,0.011779189183814676,0.28944217232573
26,15,0.012058959708081476,0.31548968243542347
26,16,0.012392361349806286,0.34390869347388164
26,17,0.012805738393456131,0.3757568289731881
26,18,0.013327445166709518,0.41233126822736965
26,19,0.013976875773505704,0.454824812420018
26,20,0.014816582108553305,0.5060781606944458
26,21,0.015927116663374784,0.5700378220446434
26,22,0.0174700553303253,0.6543704340349923
26,23,0.01977539692439993,0.7748065501337887
26,24,0.023691316710361024,0.9718899442294238
26,25,0.03254207788350749,1.4061649974309767
27,2,0.0014897662199123672,0.0069796471053681
27,4,0.008574691421096306,0.07067834135335505
27,6,0.009831143368270076,0.11424155303924066
27,8,0.010269122578450455,0.15309152316558663
27,10,0.010522347913928176,0.190883716538217
27,12,0.010744192130910591,0.22925403842438702
27,14,0.011063776658587456,0.2711977670983099
27,16,0.011555597437994457,0.3198229569341499
27,18,0.012290123103652361,0.37906914857639695
27,20,0.013428115315774836,0.4569537076217761
27,22,0.015318752017801477,0.5709137065866812
27,24,0.01904091074948227,0.7740617935056053
27,26,0.03137063048952491,1.4019230769230717
28,2,0.001358967502857217,0.006357909817778505
28,3,0.005656219584211686,0.03667945982573512
28,4,0.0080669328551719,0.06638223315214767
28,5,0.008879417648047158,0.08816431238025092
28,6,0.009443126800522011,0.10954965043625084
28,7,0.009653345058049915,0.12790107190841968
28,8,0.009825880665627649,0.1462215641807782
28,9,0.00990658560779399,0.16344555461800594
28,10,0.010003326616037535,0.18111560215702555
28,11,0.010061747506120508,0.19824172138888127
28,12,0.01017430071714492,0.21664328366551028
28,13,0.010288922083068275,0.23538593646102993
28,14,0.010430307466813905,0.2550999391872246
28,15,0.010612372486488589,0.27628908508539946
28,16,0.010827372307616575,0.29893861159273205
28,17,0.011093803598016776,0.3237617828344955
28,18,0.011417561157001052,0.3511977068636338
28,19,0.011813392622266935,0.3820166721123573
28,20,0.012302749770355965,0.4173200073248934
28,21,0.012920366095488026,0.4588372519166609
28,22,0.01371051429496331,0.5089014620974671
28,23,0.014754636753452937,0.5716397553402264
28,24,0.016202339656847302,0.6546111740107442
28,25,0.01836023026417827,0.7733551928204487
28,26,0.022019679150178592,0.9680694551246559
28,27,0.030283184798085235,1.3980042755356437
29,2,0.0012436806654764166,0.005810974043204852
29,4,0.007519235821502271,0.061777165394457975
29,6,0.009008781728804167,0.10434259566151069
29,8,0.009382272156640925,0.1393834760249987
29,10,0.00953551788370277,0.17233671267040512
29,12,0.009662337799841028,0.20534933292299234
29,14,0.009868803274421046,0.24087521105503124
29,16,0.010191325561882235,0.2807569138052402
29,18,0.010663853515282585,0.3272109357623306
29,20,0.01136810596690334,0.3845350516952604
29,22,0.01245027335219249,0.46054780898440606
29,24,0.01423260479290544,0.5723389498377143
29,26,0.017727590463984415,0.7726836913924073
29,28,0.029270894848779972,1.3943730304187605
30,2,0.0011416207433176703,0.005327662471989508
30,3,0.005152669772322615,0.03332408950062279
30,4,0.007474267672138475,0.061334971881509506
30,5,0.008176565215334969,0.08094809045343963
30,6,0.00858866323401524,0.09932620276111186
30,7,0.008851239776464688,0.11690452474882343
30,8,0.008939973234918904,0.13259903856339708
30,9,0.009047818171249031,0.14877845538007625
30,10,0.00910014082527139,0.16419388334290588
30,11,0.009129221287829408,0.17922974730638003
30,12,0.009201583678627232,0.19521328697968826
30,13,0.009268250147155342,0.21123255777253958
30,14,0.009366894601781039,0.22819709919491865
30,15,0.009479219994967189,0.24578556394333564
30,16,0.009617402545229407,0.2644079320027576
30,17,0.009799475831306036,0.2847242565264665
30,18,0.010011839538450699,0.30652608499044426
30,19,0.010268961311520467,0.33043571902065094
30,20,0.01057950063357459,0.35696985178987395
30,21,0.010958460289038574,0.38693069129498453
30,22,0.011428117566748702,0.42149438051944443
30,23,0.01201275788145738,0.46206724965933954
30,24,0.012760455230868353,0.5112002914098567
30,25,0.013746750663887286,0.5729592252930585
30,26,0.01510994808045571,0.654760978198235
30,27,0.017138050142129338,0.7720456428239663
30,28,0.02057391297598774,0.9647583647744982
30,29,0.02832612397460232,1.390998812587433
31,2,0.0010509006751173024,0.004898772161273573
31,4,0.006981589661296317,0.05721117140613872
31,6,0.008220596960239357,0.09493718876777557
31,8,0.00859625539743367,0.12731842291529052
31,10,0.008681507695256215,0.15639424061687549
31,12,0.008780892765135117,0.18598446956252082
31,14,0.008907387553322018,0.21662586084703053
31,16,0.009119759563093133,0.2502644491410407
31,18,0.009437279103222814,0.2883536492970068
31,20,0.009899119458283277,0.3332653708026657
31,22,0.010578167614571778,0.38913988951118605
31,24,0.01160585298127189,0.46347180384156134
31,26,0.01329334612287281,0.5735075394320603
31,28,0.016587345297895403,0.7714403810833461
31,30,0.027442244026729862,1.3878552667260846
32,2,0.0009699520076105197,0.004516675437337398
32,3,0.004743241692407952,0.03060543422344562
32,4,0.006571852955997386,0.05378571814592455
32,5,0.00754105545818589,0.07446543086756695
32,6,0.007974924153911099,0.09198785191504721
32,7,0.008202017833516262,0.10803756780355893
32,8,0.00825137460545849,0.12204378420057065
32,9,0.008278512224050771,0.13572862184053536
32,10,0.00832634714017318,0.14978184556356014
32,11,0.008362977626663137,0.16368685360418256
32,12,0.008395955101896968,0.17756169757627954
32,13,0.008437398840485062,0.1916758884713969
32,14,0.008498855054237593,0.20636058474071467
32,15,0.00857205981236055,0.22150065480142772
32,16,0.008670449594546815,0.23752950809970708
32,17,0.008782206231290664,0.25422400377576304
32,18,0.008925170460447081,0.2722027454747394
32,19,0.009097509104360689,0.2915575321869609
32,20,0.009306804290487181,0.312689720896901
32,21,0.009556166839783263,0.3358896374214824
32,22,0.009857122699910587,0.3617824895674644
32,23,0.01022214596906152,0.3911061261516009
32,24,0.010668856259201307,0.4248908157815322
32,25,0.011226412009241547,0.46477430755394195
32,26,0.011935565002365235,0.513105485582454
32,27,0.012869709804865908,0.5740148467754553
32,28,0.014157608521737952,0.6548020624012605
32,29,0.016071749516650094,0.770866727876774
32,30,0.019310709440377282,0.9618613998021756
32,31,0.02661347343616408,1.3849195215482644
33,2,0.0008974632745978791,0.004175011027999783
33,4,0.006491738793531314,0.05307649825932126
33,6,0.0077335446296426915,0.08910099510349735
33,8,0.007938577348288765,0.11726840847573261
33,10,0.008003195675676585,0.14377741159277208
33,12,0.008036895143932622,0.1697267777994839
33,14,0.008121751984901372,0.19691040367721446
33,16,0.008259734522312233,0.2259198351965927
33,18,0.00847142934396827,0.2579271831304251
33,20,0.008787001032586918,0.29468090194468183
33,22,0.009236275003238262,0.3382963588088298
33,24,0.009889195826420467,0.39289790132030616
33,26,0.010870336642413912,0.4659257304382054
33,28,0.012472063398609663,0.574443057277593
33,30,0.015587962266579788,0.770321600367204
33,32,0.025834745603328015,1.382171632522187
34,2,0.0008323317181786519,0.0038684429921506617
34,3,0.004085189074079672,0.026302740799888823
34,4,0.00610658775332205,0.04987140031522288
34,5,0.007008356016150861,0.06905043207517188
34,6,0.007416513572887075,0.08534932597491043
34,7,0.007512866872422988,0.09871416825806852
34,8,0.007641193367945652,0.11274055696534373
34,9,0.007639758646067717,0.1249376297818245
34,10,0.007675510292699911,0.13771441613956142
34,11,0.007714962754072878,0.15060371892746022
34,12,0.007722773663560752,0.16288022686828935
34,13,0.0077480187051282455,0.17552432834051418
34,14,0.0077829037296849105,0.18843490615227937
34,15,0.007822951892036419,0.20154633597556448
34,16,0.007888589508871417,0.21545197626579826
34,17,0.00796276008549508,0.229778095137006
34,18,0.008060387919260264,0.24502750750575092
34,19,0.008182879114462744,0.26135908996319224
34,20,0.008322532564918432,0.2786310546477953
34,21,0.008492859269676883,0.2974066501194469
34,22,0.008695634865851044,0.31789910949087147
34,23,0.008938175217457501,0.3405479011630749
34,24,0.009227779761961857,0.3658393433645498
34,25,0.009577724990381117,0.39455870836702117
34,26,0.010005802886278427,0.4277763331693588
34,27,0.010537379221095558,0.4670256184380608
34,28,0.01121228311419837,0.5146940394131813
34,29,0.0120991215374729,0.5748517888804126
34,30,0.013320527407801156,0.6547990154173976
34,31,0.01513310995178636,0.7698034708344852
34,32,0.01819721708211973,0.9593055992577355
34,33,0.02510160117571271,1.3795941282412272
35,2,0.0007736251726221782,0.003592471067385054
35,4,0.006003091536421073,0.04898140649252246
35,6,0.007157841292668316,0.08228546763782488
35,8,0.007362639727276077,0.10850857287165536
35,10,0.0073950783345006306,0.13252767080565492
35,12,0.00741509641662943,0.15619639020302067
35,14,0.007461911979189881,0.18042803211746045
35,16,0.007551421064390126,0.20596218839086347
35,18,0.007695178505173055,0.23358796031588658
35,20,0.007907962959617142,0.26433826870823457
35,22,0.008218775953116953,0.2999529719748774
35,24,0.008657585902648696,0.34257651886033114
35,26,0.009285554379288881,0.39609590566084163
35,28,0.01022379579124973,0.46800769429775724
35,30,0.011748367909056926,0.5752303653957322
35,32,0.014704611910689808,0.7693085162564091
35,34,0.02441009929282029,1.377171638627412
36,2,0.0007205517544666208,0.003343280355348935
36,3,0.004058966194037306,0.026090202809562785
36,4,0.005796813110885653,0.04725483376075935
36,5,0.006570911286100517,0.06461409620771694
36,6,0.006849545162158292,0.07865838200427219
36,7,0.007025815832834741,0.09212221044080729
36,8,0.007099962838295301,0.10452638915752614
36,9,0.007123153814688065,0.1162330757236379
36,10,0.007153392428691817,0.12805837939718803
36,11,0.007155174447354852,0.13935070835897428
36,12,0.007150167894185641,0.15044387191123437
36,13,0.007150162713238482,0.16158264530650926
36,14,0.007175679937064826,0.17329787665865554
36,15,0.007201738339520027,0.18506645286498524
36,16,0.007240124886786106,0.19721965642917536
36,17,0.007290093395122125,0.20979715236403457
36,18,0.00735686146640734,0.2230162224968803
36,19,0.0074370239997129245,0.23684827808794537
36,20,0.0075365615419153735,0.2515603614779574
36,21,0.007653994201343213,0.2671927924858456
36,22,0.007794785854417832,0.28403307089933605
36,23,0.007962380784426884,0.3023252641803917
36,24,0.008160231059583205,0.3223357003305059
36,25,0.00839493446903278,0.3444841892368927
36,26,0.008674379547022243,0.3692892008933087
36,27,0.009011279864190008,0.39753772688410355
36,28,0.009420997899575807,0.43022439463786605
36,29,0.009929360079520994,0.46895212753808035
36,30,0.010573201009357814,0.5160506796343699
36,31,0.011417313326597676,0.5755538017927042
36,32,0.012578646966556282,0.6547563984279346
36,33,0.014300274753102554,0.7688381719900114
36,34,0.017208057471888208,0.9570341575831163
36,35,0.023756744004724096,1.3748905882476052
37,2,0.0006724355964460859,0.00311762135006166
37,4,0.005583916613022911,0.04547894507730969
37,6,0.006678859455933312,0.0766300379160484
37,8,0.0068582718320631415,0.10086775050971133
37,10,0.006894011388093956,0.12328491416062377
37,12,0.006884345121437087,0.14469160728301383
37,14,0.006904038535927875,0.16654728879149963
37,16,0.006951453691027644,0.189129360432163
37,18,0.0070475284630606315,0.21336934780970532
37,20,0.007195674821467846,0.2398585779030893
37,22,0.0074143232345176505,0.2697783268072139
37,24,0.0077201148254871215,0.30446606765560674
37,26,0.00814648670069558,0.3461947780244269
37,28,0.008752221390857044,0.3988440740282923
37,30,0.009651133025929303,0.46980229280181707
37,32,0.011105029729151644,0.5758645425515478
37,34,0.013918105623750404,0.7683915267304812
37,36,0.023138422915024433,1.3727389418170295
38,2,0.0006286972957404844,0.002912713552081268
38,3,0.0036281147283148407,0.023281960911304828
38,4,0.005340406493246951,0.04345821391872988
38,5,0.0061484226002653545,0.060352762374404345
38,6,0.0064849552481077155,0.07434055402905905
38,7,0.006608585870746248,0.08649169497514189
38,8,0.00665325022403024,0.09776266693738163
38,9,0.006676395040359787,0.10873085469981698
38,10,0.006663384887752917,0.11904385824557184
38,11,0.006647473173571253,0.12919228852620737
38,12,0.006660541915659686,0.13984730770603818
38,13,0.00665320455582966,0.15002984299254282
38,14,0.006657805025670531,0.16043634777566826
38,15,0.006666442539356707,0.17092336085430898
38,16,0.006690603466137873,0.18182922723473713
38,17,0.006720239379223491,0.19293834667038484
38,18,0.006764721139344726,0.20456552930178473
38,19,0.006823015165141564,0.21674914405872237
38,20,0.00688946661883746,0.22936499854507303
38,21,0.006973575000429029,0.2427875541852738
38,22,0.007073697995923683,0.2570401377473993
38,23,0.007190973540870163,0.2722424025602557
38,24,0.007330036583061266,0.2886607216777542
38,25,0.007492887457103627,0.30648125231248863
38,26,0.00768584552648542,0.32608901451136046
38,27,0.007913483915118525,0.34783140544819924
38,28,0.008184095864572732,0.37225770903903965
38,29,0.008508653436100081,0.40009968476990504
38,30,0.008901680592978916,0.43233770850280484
38,31,0.009388138549767012,0.4705839458953004
38,32,0.010003680022102421,0.5171866296535487
38,33,0.01080961507380399,0.5761458311758658
38,34,0.011916676739569834,0.6546964876899641
38,35,0.013556180718801731,0.7679592610765555
38,36,0.016323309117892024,0.955002195765515
38,37,0.022552355737407145,1.3707059918148305
39,2,0.0005888380654523602,0.002726167549648567
39,4,0.005256195471202169,0.04274223112256924
39,6,0.006259727074920396,0.07169689635172458
39,8,0.006429423947576909,0.09438880428944749
39,10,0.006450983280629474,0.11514301124305348
39,12,0.006429757054438624,0.1348698729746608
39,14,0.0064204635578550846,0.1545599423060136
39,16,0.006444968225729481,0.17496871553528068
39,18,0.006504980928580689,0.19649353889861404
39,20,0.0066084755058419,0.2197532828408773
39,22,0.006760752617723321,0.24536110221613966
39,24,0.006979222491477868,0.2744747878827087
39,26,0.007279631578700825,0.3083963311992579
39,28,0.00769412698165795,0.34938357440882983
39,30,0.008277215602527112,0.40121102913588774
39,32,0.009139450672076032,0.47131917297062814
39,34,0.010529802032323293,0.5764047250127342
39,36,0.013213064513233386,0.7675492955022953
39,38,0.021996050941915847,1.3687821803006763
40,2,0.0005524268144638718,0.002555921658265243
40,3,0.003400887961614992,0.021793399183677283
40,4,0.0051535893222274054,0.04187876041997239
40,5,0.005829352248565944,0.057132696357352616
40,6,0.006021457755820795,0.06891005059147222
40,7,0.006165685984544202,0.0805562768587884
40,8,0.006235545133332765,0.09146612356946668
40,9,0.006253007940721071,0.10165497617458719
40,10,0.006243702896922911,0.11134503550901353
40,11,0.00622696880725313,0.12079790462219071
40,12,0.006221838006944502,0.1303895656090705
40,13,0.006217160401998033,0.1399289093871087
40,14,0.00619897480224246,0.14908500279463466
40,15,0.006211149362345847,0.15893224033005543
40,16,0.006216145080730312,0.16858852598993648
40,17,0.006238147730379187,0.17872335831133096
40,18,0.006264159331174207,0.18902225346046492
40,19,0.006301576837247446,0.19974298176887034
40,20,0.006349549449814217,0.21091175129255207
40,21,0.006407754307357653,0.22256772300139663
40,22,0.006478786085856658,0.2348548366243543
40,23,0.006562503110719974,0.2478283085797861
40,24,0.006663443690548496,0.2617285438065876
40,25,0.006780578163921083,0.2765939342222695
40,26,0.006917062828966586,0.2926360778847318
40,27,0.007076731520548901,0.31011651274287677
40,28,0.007264509355249536,0.32937128385789033
40,29,0.007485785167005278,0.3507899932816315
40,30,0.007746555148662302,0.3748270495926354
40,31,0.00805891505650404,0.4022860940683996
40,32,0.00843727026060675,0.43417163393927183
40,33,0.00890384867196733,0.4720082035254404
40,34,0.009493663205589002,0.5181857803793964
40,35,0.0102643838308386,0.5766438475641491
40,36,0.011322129288765867,0.6546172281012951
40,37,0.012887242692712516,0.7671557658299246
40,38,0.015527111613739887,0.9531737924529027
40,39,0.021467269041333305,1.366958948674814
41,2,0.0005190895575626335,0.0024001901119526186
41,4,0.004762093524048112,0.038664548714524676
41,6,0.005902165187657247,0.06749748440556551
41,8,0.0060523287965731885,0.088708292667267
41,10,0.006047872247854538,0.10776254673810044
41,12,0.006030894183506734,0.12627954797707025
41,14,0.006004373465995481,0.14427658346279265
41,16,0.006011476322165732,0.16288654351457685
41,18,0.006040216739460027,0.1820858771734892
41,20,0.006110627541900253,0.20276646686731686
41,22,0.006218931295499923,0.22518931761325747
41,24,0.006375997611575498,0.25014631790178676
41,26,0.006591631548193928,0.2785160365524103
41,28,0.006886203735850677,0.3117837412028762
41,30,0.0072886252835922235,0.35211064543467885
41,32,0.007851936075313495,0.4032908268687395
41,34,0.008680348780086453,0.47265683789000273
41,36,0.010012216540698688,0.576862037735676
41,38,0.012577457698173505,0.7667795414483204
41,40,0.020963991358017756,1.3652286103996671
42,2,0.000488500690978042,0.00225742047679699
42,3,0.003450614104127945,0.022085974718361344
42,4,0.004834938904749474,0.03923507833636235
42,5,0.005446971150134503,0.05330694848892488
42,6,0.005708235726441892,0.0652313741980204
42,7,0.005839814960577631,0.07618552942607934
42,8,0.005879449272661362,0.08610961852851981
42,9,0.005880217869440325,0.09544239971598616
42,10,0.005882545824601225,0.10473591592137424
42,11,0.0058616401053845435,0.11352449416635166
42,12,0.0058422727192714,0.12222902185501269
42,13,0.0058350403421956985,0.13110374248157483
42,14,0.005814980660896671,0.139606753046315
42,15,0.005812380370124074,0.1484630366846842
42,16,0.005814026193000508,0.1573967554330413
42,17,0.0058208253126615945,0.16645688435916395
42,18,0.005835519321718901,0.1757532342641721
42,19,0.005855687623954243,0.1852471366067932
42,20,0.005889338682362335,0.195233913039318
42,21,0.005930755008878965,0.20557703923301807
42,22,0.005978915038430831,0.21627625133683948
42,23,0.006041715304962085,0.2276646964055229
42,24,0.006113458376976881,0.23958496488636669
42,25,0.006198290420543418,0.2522499506708541
42,26,0.006298229103629023,0.26580710634855176
42,27,0.006413734781437341,0.28034741722462586
42,28,0.00654912811385207,0.2961417604644162
42,29,0.006705466168420009,0.3133333900111511
42,30,0.006888219686234617,0.3322885636651284
42,31,0.007101813630497188,0.35335549872666067
42,32,0.007354247790077148,0.37709740893101806
42,33,0.007655534534549721,0.40423768702495194
42,34,0.008019552531305013,0.435779913793649
42,35,0.008467973498907768,0.4732651047339333
42,36,0.009033778999097939,0.5190464331489334
42,37,0.009772455662120254,0.5770691495259654
42,38,0.010785192759920887,0.6545284221300676
42,39,0.01228254715632848,0.766419811919044
42,40,0.01480667807775054,0.9515198585070065
42,41,0.02048439333773529,1.363584242690033
43,2,0.00046037576967870885,0.0021262584700391654
43,4,0.004710559831729149,0.038201842834919314
43,6,0.0055655466951693,0.06355835833945286
43,8,0.0057249271480168794,0.08378735459536589
43,10,0.005701335423122747,0.10143211814922704
43,12,0.0056658012224509915,0.1184442082102066
43,14,0.005636444230854117,0.13521098965492961
43,16,0.0056257651045240106,0.15217141628698816
43,18,0.005641984186553085,0.16977570214861082
43,20,0.005682475786303297,0.18820337026345663
43,22,0.005759170006068601,0.20812708433877486
43,24,0.005871902697148168,0.22988311509404352
43,26,0.00603101945818148,0.25425160869773034
43,28,0.0062452289997427645,0.28206409701337065
43,30,0.006533595948667463,0.31476628641499227
43,32,0.006924270335287178,0.35451645099892715
43,34,0.0074687825763327985,0.405124297582477
43,36,0.008265840856973957,0.4738325767228395
43,38,0.009544013891681613,0.577254771263666
43,40,0.012001447647214988,0.7660750856891341
43,42,0.020026821654738135,1.3620195939543578
44,2,0.00043446550019318985,0.002005518758771083
44,3,0.0029039047769691463,0.01856156297269232
44,4,0.0045197347070781236,0.03663071366255876
44,5,0.0051382331000673,0.050220258438712764
44,6,0.005412549388185384,0.06177100027038772
44,7,0.005519723888321103,0.07191109791980342
44,8,0.005556832398760661,0.08127068106530738
44,9,0.005563746895706918,0.09017749983771495
44,10,0.0055590468160055615,0.09883232069830013
44,11,0.005530222732328202,0.10694650594864534
44,12,0.0055042450653949885,0.11498198356790254
44,13,0.00548667703794453,0.12308468741966913
44,14,0.005471477509857889,0.1311533881554191
44,15,0.005461533419774728,0.13927771988568244
44,16,0.00545640529004477,0.14747370284362898
44,17,0.005450639464328264,0.15560953860163482
44,18,0.005457956460195083,0.16410105743256986
44,19,0.0054721396073286015,0.17281253994087203
44,20,0.00549355140969768,0.1817894485881102
44,21,0.0055186556380242965,0.19094291476058264
44,22,0.005554615957753499,0.20055246077223193
44,23,0.005599321558016357,0.21058878215070292
44,24,0.005651423031638782,0.22103958267032348
44,25,0.0057137841609219645,0.23205722836000214
44,26,0.005787342837795885,0.24372949880313416
44,27,0.005872533627503249,0.25612767102170225
44,28,0.005971435775007721,0.26940082819355066
44,29,0.006085383930608692,0.2836757502774271
44,30,0.006218134161608704,0.2992056657538099
44,31,0.006370716282741863,0.31613011162967897
44,32,0.0065485220030261195,0.3348216614756229
44,33,0.006755790703898257,0.3556255202967058
44,34,0.007000118242734899,0.37909905530338683
44,35,0.0072910101159152346,0.4059571529762544
44,36,0.007641781626054579,0.4371994239803045
44,37,0.00807331077930889,0.47436787596748636
44,38,0.008617026032334335,0.519797233623674
44,39,0.009326210951907065,0.5774276143725097
44,40,0.010297756228340515,0.654429597256976
44,41,0.011733180004267343,0.7657429761465357
44,42,0.01415158289570873,0.9500165884913463
44,43,0.01958977449279582,1.3605290043777203
45,2,0.00041055072232519454,0.001894160612286543
45,4,0.0045102564619360795,0.03653564790123707
45,6,0.005279159102618719,0.060211835884716604
45,8,0.005420165705553449,0.0792212814092654
45,10,0.005404954642717122,0.09602726991544966
45,12,0.005353013284211286,0.1117444862198336
45,14,0.0053152715927777625,0.12731636623156545
45,16,0.005290312634385104,0.14287564474135314
45,18,0.005290924223775276,0.15895456624722723
45,20,0.00531385588186715,0.1756985382307345
45,22,0.005364966522216066,0.19353892660398528
45,24,0.005446184579525797,0.21281950609562558
45,26,0.005563281243931788,0.2340684315362343
45,28,0.0057218760037976175,0.2578760140032869
45,30,0.005934193208204803,0.28522263328828024
45,32,0.006215829554826004,0.31741490251443655
45,34,0.006595417142303307,0.35667189822934076
45,36,0.007121678993372851,0.4067462323641674
45,38,0.007889578483513914,0.4748655433021004
45,40,0.009118376925286203,0.5775928413736757
45,42,0.011476899763066078,0.7654243124380049
45,44,0.019171884498621953,1.3591073375200815
46,2,0.0003884381993211556,0.0017912675138806455
46,3,0.002817869647525746,0.017993155792101347
46,4,0.004338128881903101,0.03512067092746083
46,5,0.0049501692492944244,0.0483285388371598
46,6,0.005144163815834555,0.05863756777644048
46,7,0.005267982814502181,0.06854842891616227
46,8,0.005283346648974561,0.07717392104431291
46,9,0.005269621178281876,0.08529918387058243
46,10,0.005251965188800725,0.0932477510709311
46,11,0.005234905732546866,0.10109907272433061
46,12,0.005206116697199197,0.1086049135308607
46,13,0.0051823148081664985,0.11609389761736111
46,14,0.005160580048676548,0.12352409134497996
46,15,0.005152746874992868,0.13121308123189088
46,16,0.005139222742081647,0.13869568886245998
46,17,0.005130285374851028,0.14624388580725817
46,18,0.00512993225237585,0.15400227963016128
46,19,0.005134294821130886,0.16188932124717414
46,20,0.005146955712508463,0.17004780190355084
46,21,0.005163319307372802,0.1783569558279529
46,22,0.005188830573894172,0.18703311716064022
46,23,0.00521879806189135,0.19594127736702485
46,24,0.005255471993219932,0.20519145246448317
46,25,0.005302506001612091,0.21496474763105838
46,26,0.005357338037864716,0.22520031764152382
46,27,0.005420942856302601,0.23597730731472102
46,28,0.005493746893534571,0.24735579613758207
46,29,0.005579068693845821,0.2595346083704255
46,30,0.005677220453533964,0.272586782400311
46,31,0.005790212110752113,0.28667250325775495
46,32,0.005919179838494893,0.30191931530838334
46,33,0.006068395510712742,0.3186289264958013
46,34,0.006241189014522341,0.3370782681780925
46,35,0.006442701235394514,0.3576676279192479
46,36,0.006679023750611307,0.38088543937920705
46,37,0.006959883699398549,0.4074762825671246
46,38,0.007298560695604368,0.43846600590011037
46,39,0.007714299547421069,0.47534410637826047
46,40,0.0082377171476167,0.5204652624474795
46,41,0.008919720538652812,0.5777434608784591
46,42,0.009853316504118572,0.6543300822772855
46,43,0.011231813818529165,0.7651183296227823
46,44,0.013553239111061563,0.9486443145367843
46,45,0.01877190399351919,1.3577499211875976
47,2,0.00036795707205677816,0.0016960300180627707
47,4,0.004259122766950385,0.03446380602328488
47,6,0.0050420876131487295,0.05744296160728936
47,8,0.005143896475919255,0.07509196549201264
47,10,0.005122047700904712,0.09088558290827062
47,12,0.005069722241882744,0.10569210469691308
47,14,0.005028636801364499,0.12028767177553454
47,16,0.004994643895288213,0.13470138608812493
47,18,0.004980457292158621,0.14940876615400717
47,20,0.004990987078668753,0.16477318970771732
47,22,0.005023932232791408,0.180949939397348
47,24,0.005080172252115249,0.19818750797958729
47,26,0.005166388695588995,0.21698866369494701
47,28,0.005284874123766823,0.2377361231532173
47,30,0.005443987500313069,0.2611341227999976
47,32,0.005652307641511903,0.28800047496852377
47,34,0.005927802954947849,0.3197731681712608
47,36,0.006296411038908979,0.3585766276946777
47,38,0.006805806162011749,0.40819287039886654
47,40,0.007546765815003296,0.47579653467419564
47,42,0.008729764988811735,0.5778889416142539
47,44,0.010997202747166488,0.7648246677288252
47,46,0.018388692100958656,1.356452496142437
48,2,0.00034895586104126484,0.0016077312800322693
48,3,0.0028008351010965753,0.017868571491955424
48,4,0.004060216179713054,0.03283566931539169
48,5,0.004652312449770733,0.04537000413724816
48,6,0.0049035871004277694,0.05583415613436428
48,7,0.004998442859706728,0.06496667910199028
48,8,0.005026285593550137,0.07333420773467217
48,9,0.005011929308177422,0.08103238564558306
48,10,0.004987676016000227,0.08844851679991779
48,11,0.004964687810311116,0.09576219819498652
48,12,0.004941784756739849,0.10296231047415785
48,13,0.004917762908601403,0.11002820741844262
48,14,0.004893295072203462,0.11697583584904592
48,15,0.004872940616733879,0.12392402700521488
48,16,0.00485780853001486,0.13092530369874988
48,17,0.004844051217735577,0.13789614317222262
48,18,0.004842638473353223,0.14517675660950338
48,19,0.004840805768199509,0.1524204474369122
48,20,0.004844214214322197,0.15981530606656055
48,21,0.004853237508054266,0.16739970202655002
48,22,0.004868248961177305,0.17521402193753927
48,23,0.00488857318354502,0.18326103504595698
48,24,0.004915479108326748,0.19161576296539123
48,25,0.004949499102345151,0.20033068841909732
48,26,0.00498858917644124,0.20935219057418455
48,27,0.005036358322233073,0.2188623888611519
48,28,0.005091593477187838,0.22884618463361148
48,29,0.005155380409406285,0.23938900615663639
48,30,0.0052297389775015826,0.25062815087366563
48,31,0.00531402398156372,0.262579994465421
48,32,0.005410485178192091,0.2754061999167892
48,33,0.005521684388285658,0.28929883934791867
48,34,0.005648003603193112,0.30434687001528454
48,35,0.005793658113463147,0.32085703754230704
48,36,0.005961759426273685,0.3390988334352382
48,37,0.006157368995676428,0.35947717683622415
48,38,0.00638652219727952,0.38248872190710564
48,39,0.006658220261105611,0.4088545540872941
48,40,0.006985241763268371,0.43959692777513143
48,41,0.007386449826547531,0.47622337481616306
48,42,0.007890927631726028,0.5210591631146267
48,43,0.008547787943617113,0.5780188487079698
48,44,0.009446338242748379,0.6542282447580696
48,45,0.01077238217241162,0.764541122334319
48,46,0.01300450898778732,0.9473866458094534
48,47,0.018021203505968846,1.3552111714663184
49,2,0.0003312999222968803,0.0015257347950626812
49,4,0.003953380335255525,0.031956227449821475
49,6,0.004799214563286716,0.05461811655447034
49,8,0.004895010278584156,0.07137936565953215
49,10,0.004866975692609282,0.08625958542517304
49,12,0.004820128596261907,0.1003692408935057
49,14,0.004766161274574492,0.11386767398137801
49,16,0.004726920141715312,0.12731777003402903
49,18,0.004708440458930602,0.14106224023719632
49,20,0.004705742054516101,0.15514304301382353
49,22,0.004721698707989578,0.16982083236765272
49,24,0.004761731918403069,0.18548761313074486
49,26,0.004824445545072066,0.20230972682469944
49,28,0.004912895486486218,0.22063677456074005
49,30,0.005033057008740578,0.2409956256678129
49,32,0.005190696656867073,0.2639745456203396
49,34,0.005396498112363271,0.2905004828223099
49,36,0.005665402885443303,0.3218779963902519
49,38,0.006023971054131237,0.36030486838462095
49,40,0.006517082439693812,0.40948813107387166
49,42,0.007232877357798378,0.4766255294805542
49,44,0.008373423688004842,0.5781435365607145
49,46,0.010556756205000397,0.764267892874775
49,48,0.017668478609401607,1.3540223855897675
50,2,0.0003148692808126231,0.0014494739730404333
50,3,0.0026622969354873943,0.016969784087208742
50,4,0.003952297885129614,0.031934828270589306
50,5,0.004436837960188989,0.04322642455529184
50,6,0.0046796318297315075,0.053230474735616
50,7,0.00474592699863161,0.06161950045334298
50,8,0.004785663801879212,0.06974905366045753
50,9,0.004778508217318509,0.07717513601846906
50,10,0.004759722520071294,0.08431407155025017
50,11,0.004735041573867452,0.09123124541532938
50,12,0.004697136897254052,0.09775283488799796
50,13,0.004675905809934838,0.10449566730816802
50,14,0.004648492769487528,0.11099264442675605
50,15,0.004623147705235895,0.11743010183438944
50,16,0.004604670119701576,0.12395102346851863
50,17,0.004592399105795835,0.1305707984091522
50,18,0.004580164053085349,0.13713397312204628
50,19,0.0045740097109525585,0.14383421794630868
50,20,0.0045749510413891315,0.15073464423769484
50,21,0.004578638032111652,0.15771786761434686
50,22,0.0045869029132120116,0.1648639708296261
50,23,0.004598266766405143,0.1721389128605664
50,24,0.004617278432439638,0.17973631517411887
50,25,0.004641550925585479,0.18759425618464493
50,26,0.004670544645385417,0.19571440716162875
50,27,0.004706676282634477,0.20422462398169827
50,28,0.0047473868542495055,0.21304175605191472
50,29,0.004796338272878623,0.22235852398426634
50,30,0.004852375322451935,0.2321568322940922
50,31,0.004916464793213894,0.24251740608341246
50,32,0.004990088327594139,0.25355329558900197
50,33,0.005073162609489314,0.26530378556069073
50,34,0.005168690185832584,0.27797569054502574
50,35,0.005277009528703266,0.291645172363055
50,36,0.005401005856353272,0.30653706108893963
50,37,0.00554309085843323,0.32286620251613635
50,38,0.005706779895804771,0.3409295576278766
50,39,0.005896579702687803,0.3611080418965712
50,40,0.0061187003895432366,0.38392004603515684
50,41,0.006381875758384614,0.4100890869344818
50,42,0.006698146365452443,0.4406174555598607
50,43,0.0070856314578428,0.4770049388726796
50,44,0.007572631844869062,0.5215906874747984
50,45,0.008206153595017493,0.5782600939550033
50,46,0.009072234172224181,0.6541249984850571
50,47,0.010349778187962214,0.7640052740825952
50,48,0.012499409720678041,0.9462298139512556
50,49,0.01732963487879038,1.3528828721681294
51,2,0.0002995567793232825,0.0013784432430249817
51,4,0.003823857253861275,0.03088257197055132
51,6,0.004571442111428613,0.05197509950656794
51,8,0.00467214631915975,0.06806042021371109
51,10,0.004643093456429114,0.08220497898651115
51,12,0.0045877225831612726,0.09542501635390935
51,14,0.0045308671891833106,0.1081236378181275
51,16,0.004489737852854196,0.12078843621233
51,18,0.004463116144584996,0.13355116714944115
51,20,0.004450480344699216,0.14654390621258945
51,22,0.0044571837460771,0.16009998321941699
51,24,0.004481865278866848,0.17435039950412567
51,26,0.004526461181563705,0.1895463985635438
51,28,0.004592840618842249,0.20595773349173027
51,30,0.004684360925838886,0.2239473757410851
51,32,0.004804820850585624,0.24394083064426844
51,34,0.004961243124746403,0.2665847272478981
51,36,0.005163008882095792,0.29274700605582865
51,38,0.005425647397012229,0.3237837355510368
51,40,0.005774324516480089,0.3618586019810288
51,42,0.0062521636388181475,0.41065514911655576
51,44,0.006944397997059077,0.4773681979593148
51,46,0.008045577079933827,0.5783711378884545
51,48,0.01015091792355348,0.7637515037289202
51,50,0.017003859229084112,1.351789630113199
52,2,0.00028526649141203677,0.0013121904382973365
52,3,0.002587087668728957,0.016477252404194582
52,4,0.0037189961536346254,0.0300226131035262
52,5,0.004264077532014987,0.041506654673144336
52,6,0.004466439602358348,0.0507580059279264
52,7,0.004539876892270059,0.058888363451944606
52,8,0.004567359509463843,0.06650217591799576
52,9,0.004559738394077638,0.07356838953560646
52,10,0.004543949206022837,0.08041036969938811
52,11,0.004516255195367756,0.08692598476454375
52,12,0.004475970557612012,0.09305215235329597
52,13,0.004449105573396794,0.09932034344073268
52,14,0.004426941076576255,0.10558824539982292
52,15,0.004398226740881243,0.11159396737659284
52,16,0.004380449631051773,0.11778398450737097
52,17,0.004363376246161241,0.12391843453291915
52,18,0.004348047841342621,0.13003409895888202
52,19,0.00433907747980343,0.13628680514773653
52,20,0.004333495206277527,0.14260861502720834
52,21,0.004333328048825492,0.14908657579454648
52,22,0.004334892500267,0.15561310915775364
52,23,0.004343041729548485,0.1623800284918479
52,24,0.0043547202648980075,0.16929819751694958
52,25,0.004370817970649635,0.17642054983370087
52,26,0.004391887486177731,0.18379103611726208
52,27,0.004417371030139811,0.19140828035025928
52,28,0.004448586658101245,0.19935232943999973
52,29,0.004485605122325242,0.2076528033412865
52,30,0.004528475651825093,0.21633866136631963
52,31,0.004577992619832687,0.22547620685087671
52,32,0.004634137275180324,0.2350948298031462
52,33,0.004698334606692668,0.24530000867214094
52,34,0.004771247400290916,0.25616447501945566
52,35,0.004854042369779112,0.2677931476306344
52,36,0.004947498728142413,0.28027589267306324
52,37,0.005053997635215106,0.29380171406232186
52,38,0.0051750842365118595,0.3085238474646695
52,39,0.005313512113539419,0.3246800817033685
52,40,0.0054728137623253886,0.34257495698316853
52,41,0.005657112716034776,0.3625738598062619
52,42,0.005872862016346328,0.38522379622509656
52,43,0.006127847328214861,0.4112044329486303
52,44,0.006434047354781068,0.4415394252026508
52,45,0.006808795953785305,0.47771519394356166
52,46,0.007279436787447887,0.5220689075597307
52,47,0.007891232022932236,0.5784722471332776
52,48,0.008727177116896193,0.654023833151651
52,49,0.009959711127858045,0.7635067861682551
52,50,0.012032888199630741,0.945162169238084
52,51,0.016690401292657555,1.3507398972031022
53,2,0.0002719123569790782,0.0012503102569825359
53,4,0.003658687323296643,0.029524237593663637
53,6,0.004359548527613156,0.049521150785052655
53,8,0.004461700626361252,0.06493357786397369
53,10,0.004443258251208668,0.0785911029818129
53,12,0.004381257130354416,0.09103913022168517
53,14,0.004318754656183086,0.10295473010870575
53,16,0.004271885859100136,0.11480399673144541
53,18,0.004241326815573844,0.126774055344629
53,20,0.004221458163161015,0.13884379557244558
53,22,0.0042198591734869,0.15139619860152664
53,24,0.004234343505035322,0.16451972900953094
53,26,0.004265440590602964,0.17838845291796487
53,28,0.0043141316374909556,0.19320141889180192
53,30,0.004383818724561289,0.20928491234981964
53,32,0.004476309989335336,0.22692369568906862
53,34,0.004596632951918556,0.24659850278428333
53,36,0.004750951618838305,0.2689159167105544
53,38,0.004949355586421763,0.29479466815777006
53,40,0.005205777152174733,0.32552176547189865
53,42,0.005544907349273849,0.36327418378545684
53,44,0.006008424307605407,0.4117262702133604
53,46,0.0066784311712998435,0.47804255498354503
53,48,0.007742838757363828,0.5785701352043826
53,50,0.009775721790699436,0.763270771662712
53,52,0.016388567459529584,1.3497311267809824
54,2,0.00025941700542292937,0.0011924386292943522
54,3,0.0025804930128922477,0.016423819709511837
54,4,0.003570384361368558,0.028800139423688188
54,5,0.0040712470382505955,0.039596367792403386
54,6,0.004276382189042456,0.04855644420344112
54,7,0.004352902042439217,0.05641375834170662
54,8,0.004383658025764752,0.06377085362814923
54,9,0.0043640825279564486,0.07034712884899565
54,10,0.0043390052857626114,0.07671126567757
54,11,0.004316391242609484,0.08300004697134793
54,12,0.004281339318332752,0.08892050886933979
54,13,0.004249626101128697,0.09477427248055634
54,14,0.004224810816427732,0.10066670759771176
54,15,0.0041972158778882385,0.1063864471006157
54,16,0.004175538479123396,0.11215893615401204
54,17,0.004154452384046418,0.11786171401706746
54,18,0.004137488228268279,0.12360585373083219
54,19,0.004127680269401943,0.1295078563059169
54,20,0.004117338174999487,0.1353471251007503
54,21,0.004111583497184164,0.1412998909760243
54,22,0.004110740628386158,0.14739979625289248
54,23,0.004112704452515786,0.15359078616950395
54,24,0.004120864355460355,0.16001906692157172
54,25,0.004131380176640722,0.1665572091840936
54,26,0.0041456122580718815,0.17327380278785792
54,27,0.004164322686217933,0.18021940806932704
54,28,0.004187065473798097,0.1873945274852004
54,29,0.004214824578632616,0.19486364104622572
54,30,0.0042476273690934185,0.20265101193372903
54,31,0.004285787871722874,0.21079526246556082
54,32,0.0043292463246789705,0.2193177473184138
54,33,0.004378762153156796,0.22828258931377823
54,34,0.00443532339490179,0.23777085852319252
54,35,0.004499268385561084,0.24783341346506646
54,36,0.004571347359645992,0.25854674263715727
54,37,0.004652761900684537,0.27001841491710143
54,38,0.0047448445407706616,0.2823712440044828
54,39,0.004848978716302322,0.29573940380251507
54,40,0.0049674235763487885,0.3103210754011908
54,41,0.005102378962131965,0.3263246727768248
54,42,0.005257529616628833,0.34407100200373997
54,43,0.005436861304672054,0.3639246225127786
54,44,0.00564613365093374,0.38639891282151706
54,45,0.005893531328366695,0.41221689600987804
54,46,0.006190245621990064,0.4423738797416301
54,47,0.006553094129950113,0.47835825714717106
54,48,0.007008393893326172,0.5224955784632959
54,49,0.00760001180092131,0.5786615831421508
54,50,0.00840788489487017,0.6539252460577869
54,51,0.009598540318440287,0.7630426232280499
54,52,0.01160064661117207,0.9441737885006415
54,53,0.016097715586649065,1.3487609671295815
55,2,0.00024771073780674885,0.001138247851570385
55,4,0.0036020544183939787,0.02904676345145731
55,6,0.004213554716455699,0.047824823025377224
55,8,0.0042855455511346075,0.062316713773342046
55,10,0.004252420733284408,0.0751479397741947
55,12,0.00418664352204688,0.08691399619677306
55,14,0.004128927375163654,0.09833563060334712
55,16,0.004076736910963228,0.10945154308275469
55,18,0.004042465574595,0.12070748125808421
55,20,0.0040179256495204135,0.13201158453206505
55,22,0.004007713177328244,0.14362951825467488
55,24,0.004012527112860976,0.1557265925249925
55,26,0.004032416658249803,0.16844665519129517
55,28,0.004067911324397036,0.1819540122652996
55,30,0.0041205363516691905,0.1964659485024018
55,32,0.0041920615173915935,0.2122296461611785
55,34,0.00428590265373845,0.22960205220794538
55,36,0.004405570256540253,0.2489863651821087
55,38,0.004558313940615457,0.27105317362204184
55,40,0.004752667665478253,0.2966427235997959
55,42,0.005003210827932009,0.32710136306815907
55,44,0.0053331017379406225,0.3645527992423906
55,46,0.005783123046975457,0.4126934057463889
55,48,0.00643242638752881,0.47865770873890573
55,50,0.00746243736398104,0.5787467332076593
55,52,0.009427792387681322,0.7628219538031218
55,54,0.015817250290012613,1.3478272431689253
56,2,0.00023673064410575703,0.001087442370928741
56,3,0.002321922578195233,0.014766590165950838
56,4,0.003415651089811666,0.027531541946208493
56,5,0.003919544695714861,0.03809203362825857
56,6,0.004111818461451665,0.04665126809675525
56,7,0.004162842619629921,0.05390604428023578
56,8,0.004184822408526821,0.060826434954285094
56,9,0.004196027748794742,0.06758173455697919
56,10,0.004162658194221812,0.07353040899639963
56,11,0.004129927910407076,0.07934429521484807
56,12,0.004102559864752693,0.08513173500721802
56,13,0.00406927270411187,0.09067016079407979
56,14,0.004036952278208888,0.09610146854472484
56,15,0.0040103179664131355,0.10155399467931055
56,16,0.003985518941445863,0.10695283537616644
56,17,0.003965154162371196,0.1123830162503033
56,18,0.0039501348769419835,0.11789422704901442
56,19,0.0039335696450609105,0.12329503830440518
56,20,0.003922607370139617,0.1288163578307789
56,21,0.003912230889004535,0.1343113638072615
56,22,0.0039094186192028205,0.14003563806099212
56,23,0.0039092741569932265,0.14584022733182525
56,24,0.003911011821220195,0.15170725656814144
56,25,0.003916387838109011,0.1577171987591483
56,26,0.0039260887291652415,0.1639159366876483
56,27,0.003939217498571041,0.17028434777205187
56,28,0.003955139990443673,0.17680970523747247
56,29,0.003976862514725453,0.18364500216267246
56,30,0.004001158365021589,0.19066149432494653
56,31,0.0040301948762048,0.19797848798056789
56,32,0.004064341331031845,0.20563639546476892
56,33,0.0041026943517724,0.21361091320885822
56,34,0.004146749233632307,0.22200199561906092
56,35,0.004196728037578822,0.23084780449644557
56,36,0.004252814732392815,0.24018566863820617
56,37,0.00431613844048317,0.2501093976365305
56,38,0.004387425222361277,0.260695417526784
56,39,0.00446777574097975,0.2720476623498099
56,40,0.004558110472771351,0.2842654398106371
56,41,0.004660032837448993,0.2974978909791291
56,42,0.004775959831166248,0.3119578890050304
56,43,0.0049077055883865635,0.32783253326736184
56,44,0.005058784719629677,0.3454381069958894
56,45,0.005233193782457013,0.36514721504864506
56,46,0.005436686025545768,0.38748513885094504
56,47,0.005676814277991829,0.41314743725723646
56,48,0.005964512740669089,0.4431347650868453
56,49,0.006316173766016455,0.4789422220065429
56,50,0.0067571603417648455,0.5228846675706779
56,51,0.007329849126466963,0.5788276623514084
56,52,0.008111532487598222,0.6538278037176216
56,53,0.009263129971103963,0.7626083346927153
56,54,0.011199005957966367,0.9432561669394501
56,55,0.015546618745895645,1.3469279401783467
57,2,0.00022641983557899516,0.0010397551237053728
57,4,0.0034240622797950524,0.027591145466996713
57,6,0.004030128647902571,0.045707302123435704
57,8,0.0041102804228970394,0.059720095902583134
57,10,0.004073570650339437,0.0719270245815097
57,12,0.00400853307234412,0.08314457991865919
57,14,0.003949973496916351,0.09398995197214002
57,16,0.003896742497694966,0.10452350082797006
57,18,0.0038574586866548495,0.11507455455216378
57,20,0.003830684121767592,0.12573787049553903
57,22,0.0038165558536389947,0.13664278897657753
57,24,0.0038143133199552053,0.1478819127131783
57,26,0.0038253237439860935,0.15962585038065163
57,28,0.0038499155368334507,0.172013066576224
57,30,0.0038886443833763386,0.18519559952100284
57,32,0.003943829945020233,0.19942122735387197
57,34,0.004016888424798009,0.2149160315468776
57,36,0.004111373255923026,0.23204453416912005
57,38,0.00423042529905349,0.25118904226430977
57,40,0.004380808112899242,0.2729982573113007
57,42,0.004571248485863498,0.2983330802106944
57,44,0.004815902324628052,0.32853743170174454
57,46,0.005137078220973629,0.36572091528708794
57,48,0.005574355429146286,0.4135785596552397
57,50,0.006204157125616716,0.4792174723788326
57,52,0.0072019913463047865,0.578905707276023
57,54,0.00910423423738801,0.7624017437359822
57,56,0.015285306937947414,1.3460611892857932
58,2,0.00021672677554579117,0.0009949443466569776
58,3,0.0021345348070479107,0.013565389961702774
58,4,0.0033436646993244743,0.02693400164632163
58,5,0.0037240076252966305,0.03616468078421616
58,6,0.00392595017934273,0.04450867718370145
58,7,0.004014580975464882,0.05194767540505256
58,8,0.004023210866343102,0.05843249829170265
58,9,0.004012627447251261,0.0645757385647612
58,10,0.003994268869286629,0.07049924733976752
58,11,0.003962113261320213,0.07605815466353476
58,12,0.003929679075059876,0.08147623704184387
58,13,0.0039004323834918356,0.08683501405847918
58,14,0.0038678243589991917,0.09199676663866448
58,15,0.0038407077077385896,0.09717483328575557
58,16,0.0038169525949368873,0.10233982653617898
58,17,0.0037923353575305754,0.10738914673674213
58,18,0.0037729129019695453,0.11250267630947308
58,19,0.0037589376991416603,0.1177137023540932
58,20,0.0037428971995379983,0.12280021473032994
58,21,0.003733947715304481,0.12807035858982124
58,22,0.003727758703656174,0.13340115243350054
58,23,0.003722775502687481,0.1387475937919615
58,24,0.003722211731530677,0.1442413714834376
58,25,0.0037244412958289765,0.1498371296053807
58,26,0.0037286269007837693,0.15551282126886107
58,27,0.0037376022761131363,0.16140109232099817
58,28,0.0037494167144142615,0.16743605143313486
58,29,0.003764622843236085,0.17365652131613146
58,30,0.0037828419140961806,0.1800598581730956
58,31,0.003805411501261241,0.18672606038745987
58,32,0.003831421599223344,0.19362847006339864
58,33,0.0038613242557677665,0.20080644633865702
58,34,0.0038957381537486646,0.20831101437082705
58,35,0.003935085316645817,0.2161859688902194
58,36,0.0039793039213108965,0.22445006059492253
58,37,0.004029202236550858,0.23317253186695525
58,38,0.004085003268078213,0.24239238906489455
58,39,0.0041477652504749605,0.25220132521424
58,40,0.004218166529463764,0.26267351438195485
58,41,0.00429709964286422,0.2739010846063353
58,42,0.0043856391903655395,0.28599364986789
58,43,0.004485710286284836,0.2991248448446697
58,44,0.004598763663903461,0.31344744006182723
58,45,0.004727530728316793,0.3292136340484349
58,46,0.0048747428818396235,0.3466927252997932
58,47,0.005044568895771638,0.3662771894853935
58,48,0.005242344400252143,0.3884738839905438
58,49,0.005475622756182213,0.41399450391453935
58,50,0.005754946587841346,0.44383470676201336
58,51,0.00609608465589342,0.4794790282063988
58,52,0.006523641097758159,0.5232421432341778
58,53,0.007078574417608452,0.5789778420201503
58,54,0.00783572958489486,0.6537331570866483
58,55,0.00895080683697837,0.7622020243752325
58,56,0.010824798201236089,0.9424019736285467
58,57,0.015032836295752024,1.3452252545050338
59,2,0.00020760469451455815,0.0009527907929330683
59,4,0.003277864301260103,0.026395360077247236
59,6,0.00386878697451353,0.043846023758569594
59,8,0.003948951849082794,0.05733322329957591
59,10,0.0039215532573960805,0.06919003263544951
59,12,0.0038489993133446615,0.07977200022815252
59,14,0.00378909792274369,0.09008797481146605
59,16,0.0037343312033332535,0.10008266654576584
59,18,0.003691684522448499,0.11003366409008279
59,20,0.0036613381367978926,0.12007202196192232
59,22,0.0036428244639570757,0.13030297195565949
59,24,0.003634397115754151,0.14077298849901507
59,26,0.003637918527902851,0.15165693703410416
59,28,0.003654232016108129,0.16310443355223964
59,30,0.0036833582913653263,0.1752344348650749
59,32,0.0037249617226811477,0.18814706413810128
59,34,0.0037820429402291565,0.20211770492681583
59,36,0.003856355249076047,0.2173860942107039
59,38,0.003950551026630061,0.2342665435033932
59,40,0.0040685604543532145,0.2531854999836324
59,42,0.004216715760996774,0.27477523200829784
59,44,0.004403398527727477,0.2998864855176903
59,46,0.0046423396214028,0.32985847552829356
59,48,0.004955283251209431,0.36680345847795953
59,50,0.0053803469258027255,0.4143908477062605
59,52,0.005991821444909841,0.47973349980843116
59,54,0.0069594017087492065,0.5790472020890058
59,56,0.00880256048905188,0.7620082067207854
59,58,0.014788760677914294,1.3444185211309319
60,2,0.0001990110778174236,0.0009130952955708167
60,3,0.002162230403809941,0.013733982864455535
60,4,0.0032246784112398416,0.025959082966508184
60,5,0.003596114152586662,0.03489984058131508
60,6,0.003799944147472604,0.04305144856991684
60,7,0.0038622966290626144,0.049941982977722045
60,8,0.003873577079220003,0.05621901407786969
60,9,0.0038554124873591924,0.061999957892614685
60,10,0.003841291717531503,0.06774872673990523
60,11,0.0038088109845461474,0.07305999633600715
60,12,0.0037735996805136488,0.07817978706230902
60,13,0.0037463035426752974,0.08333861642284049
60,14,0.003711547201529318,0.08820964871520759
60,15,0.003683770665822815,0.09312913582761698
60,16,0.003657761118474708,0.09799137943000447
60,17,0.003634259961071671,0.1028278851705277
60,18,0.003613788828054753,0.1076676750133712
60,19,0.0035960640360043587,0.11251723500072222
60,20,0.0035829786434553442,0.11745287726952972
60,21,0.0035706443328313935,0.12236263021426766
60,22,0.0035603719114433476,0.1272981119235541
60,23,0.0035548708917200475,0.13237110806999386
60,24,0.003550985649308798,0.1374807979361999
60,25,0.003550100094442838,0.1426911425384748
60,26,0.0035511367360007264,0.14797095087481013
60,27,0.003556673689469184,0.15344141979691625
60,28,0.0035644870013109967,0.15902314542705837
60,29,0.003574570811733543,0.1647264279342175
60,30,0.0035885252630999407,0.17063846469946373
60,31,0.0036044627574065187,0.17668355244731568
60,32,0.0036247980774743436,0.18299375170000198
60,33,0.0036484267725987373,0.18953105451540675
60,34,0.0036754825777797462,0.19631757411270362
60,35,0.0037062490366755276,0.20338449280343585
60,36,0.0037412657075960565,0.21077922176544636
60,37,0.0037806869999467544,0.21852990327525382
60,38,0.0038250452110969472,0.2266882118689339
60,39,0.003874718274639144,0.23529953774841567
60,40,0.0039303081842507635,0.24442562363756717
60,41,0.0039923411851930535,0.2541269719309097
60,42,0.004061653033037606,0.26448765758434356
60,43,0.004139241121383124,0.2756077225015413
60,44,0.00422615514696018,0.2875969078436243
60,45,0.004324114269476515,0.30061851576323456
60,46,0.004434645067458734,0.314832611713547
60,47,0.004560239284809079,0.33047964095736854
60,48,0.00470375891504897,0.34784339425705896
60,49,0.004869181559130751,0.36731111296108454
60,50,0.005061641389638234,0.3893857262717153
60,51,0.005288400872668545,0.41477289795405187
60,52,0.0055597823976749425,0.4444746055893372
60,53,0.0058910313862156165,0.4799700016117602
60,54,0.006305937743534401,0.5235654673104401
60,55,0.006844233620530332,0.5791120303725703
60,56,0.007578384302708878,0.6536405610284887
60,57,0.008659243600883857,0.7618208121819199
60,58,0.010475280249452582,0.9416048558742856
60,59,0.014552663659077683,1.3436394853302536
61,2,0.00019090721573216993,0.0008756766301619816
61,4,0.003160317324628926,0.025433167347276485
61,6,0.003718292721898331,0.04211226208498005
61,8,0.0037994788419978094,0.05512468591027644
61,10,0.0037727202457503587,0.06651613342575712
61,12,0.0036990349018866686,0.07660684450875999
61,14,0.003639718619370285,0.08647024118911609
61,16,0.0035870000969647625,0.09605907911323643
61,18,0.0035405198793445813,0.10544320051572734
61,20,0.0035066960447756304,0.11490545096332454
61,22,0.003483901954263906,0.12451221837368817
61,24,0.0034710755953282816,0.13432918571738015
61,26,0.0034692398195680174,0.14449457394177406
61,28,0.0034780795777209217,0.15509706019426978
61,30,0.003498311711760587,0.1662697768286228
61,32,0.003530161097336615,0.1781284405462793
61,34,0.003574936345686392,0.19084912266321571
61,36,0.003633371006277564,0.20459030200058712
61,38,0.0037083040836033273,0.2196447745437881
61,40,0.003801951500076662,0.23629992700574037
61,42,0.003918712046317367,0.2550132642021694
61,44,0.00406457809163404,0.2764049769966628
61,46,0.0042475849520939276,0.30131496611026204
61,48,0.00448097550716524,0.33107193915216804
61,50,0.0047860188601933805,0.3677952762848711
61,52,0.005199600470518718,0.41514055952805384
61,54,0.005793658129507416,0.4801992500327377
61,56,0.006732895120677583,0.5791748044562638
61,58,0.008520603232913503,0.7616387272315684
61,60,0.014324156085653319,1.3428867447860735
62,2,0.00018325780759489903,0.0008403696357369096
62,3,0.0020459025060265723,0.012987509114739065
62,4,0.003101905543587075,0.024955728266454553
62,5,0.0035031869752276375,0.033977944453769206
62,6,0.0036633653739368667,0.04147756946520283
62,7,0.0037189219276877587,0.04805637445719062
62,8,0.0037369069765260617,0.054199398512217646
62,9,0.003724082388820994,0.059847833355105816
62,10,0.003694105704834179,0.06510715924294527
62,11,0.003667056609305703,0.07029128542414818
62,12,0.0036305889002824004,0.07516299294127203
62,13,0.003600168694974662,0.08002914579629156
62,14,0.003570664103648985,0.08479908639218019
62,15,0.0035416656038537416,0.08946986885770651
62,16,0.0035134090006845504,0.09405287330335878
62,17,0.003490465145258567,0.09868375061957532
62,18,0.003469074482849855,0.10327596950355615
62,19,0.0034498741738542447,0.1078582322225746
62,20,0.0034339883416500626,0.11247888046022561
62,21,0.003420390700560836,0.11711868801875344
62,22,0.003409278280456063,0.12179606547746882
62,23,0.0034002762846112233,0.1265090309733585
62,24,0.003394734792840918,0.1313204081040657
62,25,0.003391854692849537,0.1362140542415905
62,26,0.003391136699110392,0.14118152613644036
62,27,0.0033925804612008324,0.14623298371302154
62,28,0.0033965108624381063,0.15139311769026395
62,29,0.003403626432049292,0.1567058209810925
62,30,0.003413286588736015,0.16215497148281974
62,31,0.0034255293184196275,0.16775408586338753
62,32,0.003440542153269071,0.17352446817283626
62,33,0.0034585218461019294,0.17948898236712538
62,34,0.0034800583031153027,0.185692783693883
62,35,0.0035038687834107797,0.19208096389162072
62,36,0.003531792283980923,0.19876821561218447
62,37,0.0035631517865292337,0.2057335545669799
62,38,0.003598511050402068,0.21302609544944615
62,39,0.0036383500447793524,0.2206931687052225
62,40,0.003682479573689568,0.22874299808993298
62,41,0.003732025421023523,0.23726711904336556
62,42,0.003786898932240061,0.24628401706655106
62,43,0.0038481174370633225,0.255885991933293
62,44,0.0039164086075360195,0.2661515798675631
62,45,0.003992509465022169,0.2771644061908573
62,46,0.004077925428695955,0.2890677059210337
62,47,0.004173823410684174,0.3019891444361977
62,48,0.004281873477140351,0.3161012285472259
62,49,0.004404510156664205,0.3316451492249551
62,50,0.004544553780995641,0.3489073357148584
62,51,0.0047057050461115765,0.36826190715700424
62,52,0.004893111584000148,0.39022369472021273
62,53,0.005113771347276739,0.41549344299359625
62,54,0.005377641649615826,0.44506674170836436
62,55,0.005699539242775557,0.4804225006644726
62,56,0.006102544651478597,0.5238637645316438
62,57,0.006625170141938394,0.5792332935461955
62,58,0.007337698054967902,0.6535509165073141
62,59,0.00838641725833722,0.761462188826046
62,60,0.010148064792085772,0.9408592814146506
62,61,0.014102873869649053,1.3421589902740403
63,2,0.00017603061267834968,0.0008070235590807219
63,4,0.003021989494931586,0.024305484645650348
63,6,0.0035955271865422875,0.04069702244872659
63,8,0.003664790026475831,0.05313621417957298
63,10,0.0036287099162490197,0.06393361251311658
63,12,0.003565415141666614,0.07378879945657826
63,14,0.003503393381455216,0.08317238293009813
63,16,0.0034476531561064188,0.09225975170769622
63,18,0.003401146523040143,0.10121650267222297
63,20,0.0033650208811392647,0.1101783184662624
63,22,0.0033385745564808444,0.11922394852250084
63,24,0.003322002541340987,0.12845562628803464
63,26,0.0033156489400264005,0.13798200162060636
63,28,0.0033191904511032932,0.1478842648113646
63,30,0.0033325567828905514,0.15825066848525557
63,32,0.0033557087837949424,0.1691693187632214
63,34,0.003389916068739959,0.18079756523879947
63,36,0.0034362239205344832,0.19329458458556265
63,38,0.0034959631981119573,0.20684865333921792
63,40,0.0035709891577217325,0.2216965112846287
63,42,0.003664427951091392,0.23818033796277932
63,44,0.003779920012520821,0.2567150297756299
63,46,0.003923169817383344,0.27790731630704407
63,48,0.004102576321873769,0.30263451951912346
63,50,0.004330662494170684,0.33219770969906176
63,52,0.004628113221986663,0.3687134348011444
63,54,0.00503077727398255,0.41583332005096907
63,56,0.005608467032628091,0.4806360954138305
63,58,0.0065208971026893565,0.5792889177112772
63,60,0.00825647252823065,0.7612909501748624
63,62,0.013888475993907549,1.3414549980637607
64,2,0.0001691961416730024,0.0007755005928450788
64,3,0.002011187274559674,0.012760767369398162
64,4,0.0029811925029259527,0.023970993973995488
64,5,0.0033536053928862443,0.032507562192768666
64,6,0.003523992467038488,0.039875287153932265
64,7,0.0035839408728700526,0.04628352103686208
64,8,0.003596912069744224,0.05213579401371828
64,9,0.0035854209016358204,0.05758225331250903
64,10,0.003559076161904884,0.06268635770060361
64,11,0.0035312206849854935,0.06764255651583514
64,12,0.00349634727682622,0.07233515242844166
64,13,0.0034691493240839,0.07706443835432679
64,14,0.003438727007589476,0.08160957200465867
64,15,0.0034087427828511678,0.08605186529093009
64,16,0.0033809249995685317,0.09044245996511902
64,17,0.003354668890194279,0.09477626654947484
64,18,0.003333952303083816,0.09918127124090996
64,19,0.003315117447411072,0.10356918002981812
64,20,0.0032979371944553163,0.10794235314549183
64,21,0.0032830781032451967,0.11233235154376546
64,22,0.0032700150591875865,0.11673175094647048
64,23,0.003259964897363761,0.12119501204527543
64,24,0.0032526652432842496,0.12572618082102888
64,25,0.003246895931246547,0.13028892915621493
64,26,0.0032439816417716683,0.13494615297543522
64,27,0.0032432094267760203,0.13968017679725672
64,28,0.0032447502439554,0.1445086605577714
64,29,0.003248649990201248,0.14944442185062745
64,30,0.0032550780892647373,0.1545064021509342
64,31,0.003263997164591492,0.15970430417414147
64,32,0.0032750246598344766,0.16503003980628106
64,33,0.003288558070746053,0.1705139841282357
64,34,0.003304915724815387,0.17618457994961148
64,35,0.003324029883575589,0.1820508105777353
64,36,0.0033460369811297817,0.1881328119333577
64,37,0.00337095712141849,0.19444474265498493
64,38,0.0033992530315800204,0.20102727078299468
64,39,0.003431245994801672,0.20791514811771492
64,40,0.0034666716083658644,0.21510835454367694
64,41,0.003506346577999148,0.22267460041563236
64,42,0.0035504906608257412,0.2306473006253511
64,43,0.003599375770904775,0.23906469077083536
64,44,0.0036538477186373554,0.24800599202153303
64,45,0.003714062713959252,0.25750719837478875
64,46,0.0037813115915190662,0.2676864587344199
64,47,0.003856210833921353,0.27862046293140874
64,48,0.003939827219058016,0.29042326597449064
64,49,0.004033793714868955,0.3032585334134034
64,50,0.004139509236711663,0.31728182908855423
64,51,0.004259275510308717,0.332728862047842
64,52,0.004395887539216719,0.3498895080115641
64,53,0.004553054573842679,0.36914643651335083
64,54,0.004735642965723276,0.39100290295265616
64,55,0.004950456849538166,0.41615899869583883
64,56,0.005207216648283532,0.4456130464196087
64,57,0.005520276458916869,0.48083892804833184
64,58,0.005912056393201587,0.5241372071755255
64,59,0.006419923208001286,0.5793429385790014
64,60,0.0071120910078863704,0.6534641642696488
64,61,0.008130569249004013,0.7611247694661968
64,62,0.009841064245561111,0.9401604101920832
64,63,0.013680642705434847,1.3407736230524017
